factor,value
diversity_factor,1.7591594827586208
load_factor,0.4951682605962644
coincidence_factor,0.8333333333333334
demand_factor,0.2912834677799052
